{"epoch":14,"trainer/global_step":2759,"_timestamp":1.7646955589090858e+09,"_wandb":{"runtime":56},"_runtime":56,"_step":275,"convAE_loss":0.31661829352378845}