{"_timestamp":1.764695274570434e+09,"_step":275,"convAE_loss":0.31661829352378845,"_wandb":{"runtime":132},"_runtime":132,"epoch":14,"trainer/global_step":2759}