{"convAE_loss":0.4357893168926239,"_wandb":{"runtime":195},"_runtime":195,"epoch":16,"trainer/global_step":3119,"_timestamp":1.76469744328689e+09,"_step":311}