{"val_loss_convAE":0.603065550327301,"_wandb":{"runtime":181},"_runtime":181,"trainer/global_step":5480,"_timestamp":1.7647653781352086e+09,"_step":736,"train_loss_convAE":0.5622252821922302,"epoch":188}