{"_runtime":30,"_step":17,"ConvAE_loss":0.48154217004776,"epoch":0,"trainer/global_step":179,"_timestamp":1.764695000303838e+09,"_wandb":{"runtime":30}}