{"val_loss_convAE":0.4731177091598511,"_wandb":{"runtime":257},"_runtime":257,"_step":1327,"train_loss_convAE":0.48297321796417236,"epoch":122,"trainer/global_step":12053,"_timestamp":1.764765175099518e+09}