{"_step":329,"_timestamp":1.7646834988084874e+09,"_runtime":190,"trainer/global_step":3128,"test_acc":0.8995589017868042,"epoch":17,"val_loss":0.12914791703224182,"train_loss":0.10410966724157333,"train_acc":0.9375,"_wandb":{"runtime":190},"val_acc":0.9448979496955872,"test_loss":0.3186018168926239}