{"val_loss_convAE":0.48996439576148987,"_wandb":{"runtime":639},"_runtime":639,"train_loss_convAE":0.3849264085292816,"epoch":114,"trainer/global_step":3679,"_timestamp":1.7647641712747886e+09,"_step":482}