{"_runtime":190,"_timestamp":1.7646980020212e+09,"_step":845,"convAE_loss":0.5778258442878723,"epoch":45,"trainer/global_step":8459,"_wandb":{"runtime":190}}