{"val_loss_convAE":0.4750380218029022,"_wandb":{"runtime":233},"_runtime":233,"_step":647,"train_loss_convAE":0.4906090199947357,"epoch":119,"trainer/global_step":5279,"_timestamp":1.764762535467678e+09}