{"_wandb":{"runtime":200},"_runtime":200,"train_loss_convAE":0.5807363390922546,"epoch":46,"trainer/global_step":8647,"_timestamp":1.7647562223907385e+09,"_step":910,"val_loss_convAE":0.440818727016449}